title,author,rating,link,cover_url,genre,price,published_year
Infinite Jest,David Foster Wallace,4.25 avg rating,https://www.goodreads.com/book/show/6759.Infinite_Jest,,,,
"The Host (The Host, #1)",Stephenie Meyer,3.86 avg rating,https://www.goodreads.com/book/show/1656001.The_Host,,,,
"Pippi Longstocking (Pippi Långstrump, #1)",Astrid Lindgren,4.15 avg rating,https://www.goodreads.com/book/show/19302.Pippi_Longstocking,,,,
Death of a Salesman,Arthur Miller,3.59 avg rating,https://www.goodreads.com/book/show/12898.Death_of_a_Salesman,,,,
Carrie,Stephen        King,3.99 avg rating,https://www.goodreads.com/book/show/10592.Carrie,,,,
"Evermore (The Immortals, #1)",Alyson Noel,3.60 avg rating,https://www.goodreads.com/book/show/3975774-evermore,,,,
"I Know Why the Caged Bird Sings (Maya Angelou's Autobiography, #1)",Maya Angelou,4.30 avg rating,https://www.goodreads.com/book/show/13214.I_Know_Why_the_Caged_Bird_Sings,,,,
The Scarlet Pimpernel,Emmuska Orczy,4.07 avg rating,https://www.goodreads.com/book/show/136116.The_Scarlet_Pimpernel,,,,
Local Woman Missing,Mary Kubica,4.12 avg rating,https://www.goodreads.com/book/show/57361474-local-woman-missing,,,,
Jonathan Strange & Mr Norrell,Susanna Clarke,3.87 avg rating,https://www.goodreads.com/book/show/14201.Jonathan_Strange_Mr_Norrell,,,,
"The Devil in the White City: Murder, Magic, and Madness at the Fair That Changed America",Erik Larson,really liked it 4.00 avg rating,https://www.goodreads.com/book/show/397483.The_Devil_in_the_White_City,,,,
"A Court of Wings and Ruin (A Court of Thorns and Roses, #3)",Sarah J. Maas,4.46 avg rating,https://www.goodreads.com/book/show/23766634-a-court-of-wings-and-ruin,,,,
"Artemis Fowl (Artemis Fowl, #1)",Eoin Colfer,3.86 avg rating,https://www.goodreads.com/book/show/249747.Artemis_Fowl,,,,
Snow Flower and the Secret Fan,Lisa See,4.09 avg rating,https://www.goodreads.com/book/show/40873273-snow-flower-and-the-secret-fan,,,,
"Faust, First Part",Johann Wolfgang von Goethe,3.83 avg rating,https://www.goodreads.com/book/show/14706.Faust_First_Part,,,,
"The Raven Boys (The Raven Cycle, #1)",Maggie Stiefvater,4.05 avg rating,https://www.goodreads.com/book/show/17675462-the-raven-boys,,,,
Sharp Objects,Gillian Flynn,4.01 avg rating,https://www.goodreads.com/book/show/18045891-sharp-objects,,,,
Northanger Abbey,Jane Austen,3.85 avg rating,https://www.goodreads.com/book/show/50398.Northanger_Abbey,,,,
Night,Elie Wiesel,4.38 avg rating,https://www.goodreads.com/book/show/1617.Night,,,,
"Matched (Matched, #1)",Ally Condie,3.62 avg rating,https://www.goodreads.com/book/show/7735333-matched,,,,
"Anna and the French Kiss (Anna and the French Kiss, #1)",Stephanie Perkins,3.96 avg rating,https://www.goodreads.com/book/show/6936382-anna-and-the-french-kiss,,,,
"The Angel Experiment (Maximum Ride, #1)",James  Patterson,4.07 avg rating,https://www.goodreads.com/book/show/13152.The_Angel_Experiment,,,,
Waiting for Godot,Samuel Beckett,3.84 avg rating,https://www.goodreads.com/book/show/17716.Waiting_for_Godot,,,,
The Haunting of Hill House,Shirley Jackson,3.81 avg rating,https://www.goodreads.com/book/show/89717.The_Haunting_of_Hill_House,,,,
High Fidelity,Nick Hornby,3.90 avg rating,https://www.goodreads.com/book/show/285092.High_Fidelity,,,,
To the Lighthouse,Virginia Woolf,3.81 avg rating,https://www.goodreads.com/book/show/59716.To_the_Lighthouse,,,,
"The Tales of Beedle the Bard (Hogwarts Library, #3)",J.K. Rowling,4.03 avg rating,https://www.goodreads.com/book/show/3950967-the-tales-of-beedle-the-bard,,,,
The Shipping News,Annie Proulx,3.88 avg rating,https://www.goodreads.com/book/show/7354.The_Shipping_News,,,,
The Goldfinch,Donna Tartt,3.96 avg rating,https://www.goodreads.com/book/show/17333223-the-goldfinch,,,,
Nineteen Minutes,Jodi Picoult,4.18 avg rating,https://www.goodreads.com/book/show/14866.Nineteen_Minutes,,,,
"The Chosen (Reuven Malter, #1)",Chaim Potok,4.07 avg rating,https://www.goodreads.com/book/show/187181.The_Chosen,,,,
Emma,Jane Austen,4.05 avg rating,https://www.goodreads.com/book/show/6969.Emma,,,,
"The Voyage of the Dawn Treader (Chronicles of Narnia, #3)",C.S. Lewis,4.09 avg rating,https://www.goodreads.com/book/show/140225.The_Voyage_of_the_Dawn_Treader,,,,
Shantaram,Gregory David Roberts,4.28 avg rating,https://www.goodreads.com/book/show/33600.Shantaram,,,,
"Neuromancer (Sprawl, #1)",William Gibson,3.89 avg rating,https://www.goodreads.com/book/show/6088007-neuromancer,,,,
Pet Sematary,Stephen        King,4.08 avg rating,https://www.goodreads.com/book/show/33124137-pet-sematary,,,,
"I, Robot (Robot, #0.1)",Isaac Asimov,4.21 avg rating,https://www.goodreads.com/book/show/41804.I_Robot,,,,
Houdini Heart,Ki Longfellow,3.84 avg rating,https://www.goodreads.com/book/show/11324204-houdini-heart,,,,
Redeeming Love,Francine  Rivers,4.51 avg rating,https://www.goodreads.com/book/show/11422.Redeeming_Love,,,,
"The Return of the King (The Lord of the Rings, #3)",J.R.R. Tolkien,4.58 avg rating,https://www.goodreads.com/book/show/838729.The_Return_of_the_King,,,,
A Christmas Carol,Charles Dickens,4.09 avg rating,https://www.goodreads.com/book/show/5326.A_Christmas_Carol,,,,
"A Dance with Dragons (A Song of Ice and Fire, #5)",George R.R. Martin,4.34 avg rating,https://www.goodreads.com/book/show/10664113-a-dance-with-dragons,,,,
The Reader,Bernhard Schlink,3.79 avg rating,https://www.goodreads.com/book/show/101299.The_Reader,,,,
"The Lost Symbol (Robert Langdon, #3)",Dan    Brown,3.76 avg rating,https://www.goodreads.com/book/show/6411961-the-lost-symbol,,,,
"The Wicked King (The Folk of the Air, #2)",Holly Black,4.27 avg rating,https://www.goodreads.com/book/show/26032887-the-wicked-king,,,,
The Collector,John Fowles,3.97 avg rating,https://www.goodreads.com/book/show/243705.The_Collector,,,,
Dubliners,James Joyce,3.84 avg rating,https://www.goodreads.com/book/show/11012.Dubliners,,,,
The Age of Innocence,Edith Wharton,3.97 avg rating,https://www.goodreads.com/book/show/53835.The_Age_of_Innocence,,,,
"Angels & Demons (Robert Langdon, #1)",Dan    Brown,3.95 avg rating,https://www.goodreads.com/book/show/960.Angels_Demons,,,,
The Republic,Plato,3.97 avg rating,https://www.goodreads.com/book/show/30289.The_Republic,,,,
"The Queen of Nothing (The Folk of the Air, #3)",Holly Black,4.34 avg rating,https://www.goodreads.com/book/show/26032912-the-queen-of-nothing,,,,
"The Bad Beginning (A Series of Unfortunate Events, #1)",Lemony Snicket,4.02 avg rating,https://www.goodreads.com/book/show/78411.The_Bad_Beginning,,,,
The Waste Land,T.S. Eliot,4.11 avg rating,https://www.goodreads.com/book/show/34080.The_Waste_Land,,,,
The Silent Patient,Alex Michaelides,4.17 avg rating,https://www.goodreads.com/book/show/40097951-the-silent-patient,,,,
"Voyager (Outlander, #3)",Diana Gabaldon,4.39 avg rating,https://www.goodreads.com/book/show/10987.Voyager,,,,
"Sheever's Journal, Diary of a Poison Master",K.  Ritz,4.29 avg rating,https://www.goodreads.com/book/show/52022378-sheever-s-journal-diary-of-a-poison-master,,,,
"City of Glass (The Mortal Instruments, #3)",Cassandra Clare,4.27 avg rating,https://www.goodreads.com/book/show/3777732-city-of-glass,,,,
The Twilight Collection,Stephenie Meyer,3.82 avg rating,https://www.goodreads.com/book/show/690926.The_Twilight_Collection,,,,
Requiem for a Dream,Hubert Selby Jr.,4.11 avg rating,https://www.goodreads.com/book/show/46945.Requiem_for_a_Dream,,,,
The Jungle,Upton Sinclair,3.78 avg rating,https://www.goodreads.com/book/show/41681.The_Jungle,,,,
"Lover Awakened (Black Dagger Brotherhood, #3)",J.R. Ward,4.43 avg rating,https://www.goodreads.com/book/show/42900.Lover_Awakened,,,,
Divine Secrets of the Ya-Ya Sisterhood,Rebecca Wells,3.86 avg rating,https://www.goodreads.com/book/show/137791.Divine_Secrets_of_the_Ya_Ya_Sisterhood,,,,
"The Two Towers (The Lord of the Rings, #2)",J.R.R. Tolkien,4.50 avg rating,https://www.goodreads.com/book/show/222910.The_Two_Towers,,,,
"Betrayed (House of Night, #2)",P.C. Cast,3.92 avg rating,https://www.goodreads.com/book/show/676924.Betrayed,,,,
Me Talk Pretty One Day,David Sedaris,4.01 avg rating,https://www.goodreads.com/book/show/4137.Me_Talk_Pretty_One_Day,,,,
The Pearl,John Steinbeck,3.56 avg rating,https://www.goodreads.com/book/show/5308.The_Pearl,,,,
Snow Falling on Cedars,David Guterson,3.86 avg rating,https://www.goodreads.com/book/show/77142.Snow_Falling_on_Cedars,,,,
"The Last Battle (Chronicles of Narnia, #7)",C.S. Lewis,4.01 avg rating,https://www.goodreads.com/book/show/84369.The_Last_Battle,,,,
Sense and Sensibility,Jane Austen,4.09 avg rating,https://www.goodreads.com/book/show/14935.Sense_and_Sensibility,,,,
"Untamed (House of Night, #4)",P.C. Cast,3.94 avg rating,https://www.goodreads.com/book/show/2866718-untamed,,,,
"I, Claudius (Claudius, #1)",Robert Graves,4.24 avg rating,https://www.goodreads.com/book/show/18765.I_Claudius,,,,
"The Exorcist (The Exorcist, #1)",William Peter Blatty,4.21 avg rating,https://www.goodreads.com/book/show/179780.The_Exorcist,,,,
Less Than Zero,Bret Easton Ellis,3.60 avg rating,https://www.goodreads.com/book/show/9915.Less_Than_Zero,,,,
"The Elite (The Selection, #2)",Kiera Cass,3.94 avg rating,https://www.goodreads.com/book/show/16248068-the-elite,,,,
"Words of Radiance (The Stormlight Archive, #2)",Brandon Sanderson,4.76 avg rating,https://www.goodreads.com/book/show/17332218-words-of-radiance,,,,
"Unravel Me (Shatter Me, #2)",Tahereh Mafi,4.10 avg rating,https://www.goodreads.com/book/show/13104080-unravel-me,,,,
Everything is Illuminated,Jonathan Safran Foer,3.89 avg rating,https://www.goodreads.com/book/show/256566.Everything_is_Illuminated,,,,
A Room with a View,E.M. Forster,3.89 avg rating,https://www.goodreads.com/book/show/3087.A_Room_with_a_View,,,,
"Girl, Interrupted",Susanna Kaysen,3.94 avg rating,https://www.goodreads.com/book/show/68783.Girl_Interrupted,,,,
"The 5th Wave (The 5th Wave, #1)",Rick Yancey,really liked it 4.00 avg rating,https://www.goodreads.com/book/show/16101128-the-5th-wave,,,,
World War Z: An Oral History of the Zombie War,Max Brooks,4.02 avg rating,https://www.goodreads.com/book/show/8908.World_War_Z,,,,
The Beach,Alex Garland,3.99 avg rating,https://www.goodreads.com/book/show/607639.The_Beach,,,,
The War of the Worlds,H.G. Wells,3.83 avg rating,https://www.goodreads.com/book/show/8909.The_War_of_the_Worlds,,,,
"A Discovery of Witches (All Souls, #1)",Deborah Harkness,4.02 avg rating,https://www.goodreads.com/book/show/8667848-a-discovery-of-witches,,,,
"A ​Court of Silver Flames (A Court of Thorns and Roses, #4)",Sarah J. Maas,4.45 avg rating,https://www.goodreads.com/book/show/53138095-a-court-of-silver-flames,,,,
Macbeth,William Shakespeare,3.89 avg rating,https://www.goodreads.com/book/show/8852.Macbeth,,,,
"Chosen (House of Night, #3)",P.C. Cast,3.91 avg rating,https://www.goodreads.com/book/show/1326258.Chosen,,,,
Bleak House,Charles Dickens,4.02 avg rating,https://www.goodreads.com/book/show/31242.Bleak_House,,,,
The Woman in White,Wilkie Collins,4.01 avg rating,https://www.goodreads.com/book/show/5890.The_Woman_in_White,,,,
The Complete Poems of Emily Dickinson,Emily Dickinson,4.28 avg rating,https://www.goodreads.com/book/show/112204.The_Complete_Poems_of_Emily_Dickinson,,,,
"Unwind (Unwind, #1)",Neal Shusterman,4.17 avg rating,https://www.goodreads.com/book/show/764347.Unwind,,,,
"The Talented Mr. Ripley (Ripley, #1)",Patricia Highsmith,3.95 avg rating,https://www.goodreads.com/book/show/2247142.The_Talented_Mr_Ripley,,,,
انتحار فاشل,أحمد جمال الدين رمضان,4.54 avg rating,https://www.goodreads.com/book/show/30528535,,,,
North and South,Elizabeth Gaskell,4.15 avg rating,https://www.goodreads.com/book/show/156538.North_and_South,,,,
Crash,J.G. Ballard,3.60 avg rating,https://www.goodreads.com/book/show/70241.Crash,,,,
Brideshead Revisited,Evelyn Waugh,really liked it 4.00 avg rating,https://www.goodreads.com/book/show/30933.Brideshead_Revisited,,,,
"Shadow and Bone (Shadow and Bone, #1)",Leigh Bardugo,3.92 avg rating,https://www.goodreads.com/book/show/10194157-shadow-and-bone,,,,
Ugly Love,Colleen Hoover,really liked it 4.00 avg rating,https://www.goodreads.com/book/show/17788401-ugly-love,,,,
Those Empty Eyes,Charlie Donlea,4.15 avg rating,https://www.goodreads.com/book/show/62984900-those-empty-eyes,,,,
The God Delusion,Richard Dawkins,3.90 avg rating,https://www.goodreads.com/book/show/14743.The_God_Delusion,,,,
"Empire of Storms (Throne of Glass, #5)",Sarah J. Maas,4.63 avg rating,https://www.goodreads.com/book/show/28260587-empire-of-storms,,,,
"The Lies of Locke Lamora (Gentleman Bastard, #1)",Scott Lynch,4.30 avg rating,https://www.goodreads.com/book/show/29588376-the-lies-of-locke-lamora,,,,
"2001: A Space Odyssey (Space Odyssey, #1)",Arthur C. Clarke,4.18 avg rating,https://www.goodreads.com/book/show/70535.2001,,,,
العصبي,أحمد جمال الدين رمضان,4.59 avg rating,https://www.goodreads.com/book/show/30528544,,,,
The Left Hand of Darkness,Ursula K. Le Guin,4.10 avg rating,https://www.goodreads.com/book/show/18423.The_Left_Hand_of_Darkness,,,,
"The Iron King (The Iron Fey, #1)",Julie Kagawa,3.87 avg rating,https://www.goodreads.com/book/show/6644117-the-iron-king,,,,
Of Human Bondage,W. Somerset Maugham,4.15 avg rating,https://www.goodreads.com/book/show/31548.Of_Human_Bondage,,,,
"Call Me By Your Name (Call Me By Your Name, #1)",André Aciman,4.10 avg rating,https://www.goodreads.com/book/show/36336078-call-me-by-your-name,,,,
Snow Crash,Neal Stephenson,4.01 avg rating,https://www.goodreads.com/book/show/40651883-snow-crash,,,,
"Heartstopper: Volume One (Heartstopper, #1)",Alice Oseman,4.42 avg rating,https://www.goodreads.com/book/show/40495957-heartstopper,,,,
"Bloodlines (Bloodlines, #1)",Richelle Mead,4.20 avg rating,https://www.goodreads.com/book/show/8709527-bloodlines,,,,
"The Witching Hour (Lives of the Mayfair Witches, #1)",Anne Rice,4.10 avg rating,https://www.goodreads.com/book/show/11901.The_Witching_Hour,,,,
Vanity Fair,William Makepeace Thackeray,3.81 avg rating,https://www.goodreads.com/book/show/5797.Vanity_Fair,,,,
"Wizard's First Rule (Sword of Truth, #1)",Terry Goodkind,4.12 avg rating,https://www.goodreads.com/book/show/43889.Wizard_s_First_Rule,,,,
The Love Hypothesis,Ali Hazelwood,4.11 avg rating,https://www.goodreads.com/book/show/56732449-the-love-hypothesis,,,,
Much Ado About Nothing,William Shakespeare,4.06 avg rating,https://www.goodreads.com/book/show/12957.Much_Ado_About_Nothing,,,,
Far From the Madding Crowd,Thomas Hardy,3.97 avg rating,https://www.goodreads.com/book/show/31463.Far_From_the_Madding_Crowd,,,,
Johnny Got His Gun,Dalton Trumbo,4.21 avg rating,https://www.goodreads.com/book/show/51606.Johnny_Got_His_Gun,,,,
A Monster Calls,Patrick Ness,4.35 avg rating,https://www.goodreads.com/book/show/25480342-a-monster-calls,,,,
Daisy Jones & The Six,Taylor Jenkins Reid,4.20 avg rating,https://www.goodreads.com/book/show/40597810-daisy-jones-the-six,,,,
Verity,Colleen Hoover,4.30 avg rating,https://www.goodreads.com/book/show/59344312-verity,,,,
"Hyperion (Hyperion Cantos, #1)",Dan Simmons,4.27 avg rating,https://www.goodreads.com/book/show/77566.Hyperion,,,,
"Little House on the Prairie (Little House, #3)",Laura Ingalls Wilder,4.21 avg rating,https://www.goodreads.com/book/show/77767.Little_House_on_the_Prairie,,,,
A Man Called Ove,Fredrik Backman,4.38 avg rating,https://www.goodreads.com/book/show/18774964-a-man-called-ove,,,,
"Cannery Row (Cannery Row, #1)",John Steinbeck,4.06 avg rating,https://www.goodreads.com/book/show/4799.Cannery_Row,,,,
"Caraval (Caraval, #1)",Stephanie Garber,3.97 avg rating,https://www.goodreads.com/book/show/27883214-caraval,,,,
"Anne of Avonlea (Anne of Green Gables, #2)",L.M. Montgomery,4.23 avg rating,https://www.goodreads.com/book/show/77390.Anne_of_Avonlea,,,,
"The Red Pyramid (The Kane Chronicles, #1)",Rick Riordan,4.10 avg rating,https://www.goodreads.com/book/show/7090447-the-red-pyramid,,,,
"Bared to You (Crossfire, #1)",Sylvia Day,4.13 avg rating,https://www.goodreads.com/book/show/20448515-bared-to-you,,,,
What Lies in the Woods,Kate Alice Marshall,3.94 avg rating,https://www.goodreads.com/book/show/60784373-what-lies-in-the-woods,,,,
"They Both Die at the End (They Both Die at the End, #1)",Adam Silvera,3.75 avg rating,https://www.goodreads.com/book/show/33385229-they-both-die-at-the-end,,,,
"Cress (The Lunar Chronicles, #3)",Marissa Meyer,4.40 avg rating,https://www.goodreads.com/book/show/13206828-cress,,,,
"Cry, the Beloved Country",Alan Paton,3.93 avg rating,https://www.goodreads.com/book/show/6150.Cry_the_Beloved_Country,,,,
Are You My Mother?,P.D. Eastman,4.22 avg rating,https://www.goodreads.com/book/show/197084.Are_You_My_Mother_,,,,
"Torment (Fallen, #2)",Lauren Kate,3.84 avg rating,https://www.goodreads.com/book/show/7740152-torment,,,,
The Polar Express,Chris Van Allsburg,4.32 avg rating,https://www.goodreads.com/book/show/420282.The_Polar_Express,,,,
I'll Give You the Sun,Jandy Nelson,4.15 avg rating,https://www.goodreads.com/book/show/20820994-i-ll-give-you-the-sun,,,,
Cutting for Stone,Abraham   Verghese,4.33 avg rating,https://www.goodreads.com/book/show/3591262-cutting-for-stone,,,,
Sarah's Key,Tatiana de Rosnay,4.18 avg rating,https://www.goodreads.com/book/show/556602.Sarah_s_Key,,,,
"Powerless (The Powerless Trilogy, #1)",Lauren  Roberts,4.16 avg rating,https://www.goodreads.com/book/show/75513900-powerless,,,,
"Perfect Chemistry (Perfect Chemistry, #1)",Simone Elkeles,4.04 avg rating,https://www.goodreads.com/book/show/4268157-perfect-chemistry,,,,
Into Thin Air: A Personal Account of the Mt. Everest Disaster,Jon Krakauer,4.26 avg rating,https://www.goodreads.com/book/show/1898.Into_Thin_Air,,,,
"Better Than the Movies (Better Than the Movies, #1)",Lynn Painter,4.26 avg rating,https://www.goodreads.com/book/show/55710822-better-than-the-movies,,,,
"Darkly Dreaming Dexter (Dexter, #1)",Jeff Lindsay,3.90 avg rating,https://www.goodreads.com/book/show/17231.Darkly_Dreaming_Dexter,,,,
"Little House in the Big Woods (Little House, #1)",Laura Ingalls Wilder,4.21 avg rating,https://www.goodreads.com/book/show/8337.Little_House_in_the_Big_Woods,,,,
Last Exit to Brooklyn,Hubert Selby Jr.,3.93 avg rating,https://www.goodreads.com/book/show/50275.Last_Exit_to_Brooklyn,,,,
"Angelfall (Penryn & the End of Days, #1)",Susan Ee,4.10 avg rating,https://www.goodreads.com/book/show/15863832-angelfall,,,,
Sapiens: A Brief History of Humankind,Yuval Noah Harari,4.34 avg rating,https://www.goodreads.com/book/show/23692271-sapiens,,,,
"A Great and Terrible Beauty (Gemma Doyle, #1)",Libba Bray,3.80 avg rating,https://www.goodreads.com/book/show/3682.A_Great_and_Terrible_Beauty,,,,
"Scarlet (The Lunar Chronicles, #2)",Marissa Meyer,4.23 avg rating,https://www.goodreads.com/book/show/13206760-scarlet,,,,
Normal People,Sally Rooney,3.81 avg rating,https://www.goodreads.com/book/show/41057294-normal-people,,,,
"The Mortal Instruments Boxed Set: City of Bones; City of Ashes; City of Glass (The Mortal Instruments, #1-3)",Cassandra Clare,4.55 avg rating,https://www.goodreads.com/book/show/6485421-the-mortal-instruments-boxed-set,,,,
"The Darkest Minds (The Darkest Minds, #1)",Alexandra Bracken,4.15 avg rating,https://www.goodreads.com/book/show/10576365-the-darkest-minds,,,,
"The Horse and His Boy (Chronicles of Narnia, #5)",C.S. Lewis,3.91 avg rating,https://www.goodreads.com/book/show/84119.The_Horse_and_His_Boy,,,,
"Sabriel (Abhorsen, #1)",Garth Nix,4.16 avg rating,https://www.goodreads.com/book/show/518848.Sabriel,,,,
No Country for Old Men,Cormac McCarthy,4.17 avg rating,https://www.goodreads.com/book/show/12497.No_Country_for_Old_Men,,,,
The Art of War,Sun Tzu,3.95 avg rating,https://www.goodreads.com/book/show/10534.The_Art_of_War,,,,
"Chocolat (Chocolat, #1)",Joanne Harris,3.96 avg rating,https://www.goodreads.com/book/show/47401.Chocolat,,,,
The Westing Game,Ellen Raskin,3.99 avg rating,https://www.goodreads.com/book/show/902.The_Westing_Game,,,,
The Summoning (Darkest Powers #1),Kelley Armstrong,4.03 avg rating,https://www.goodreads.com/book/show/2800905-the-summoning,,,,
"Swann’s Way (In Search of Lost Time, #1)",Marcel Proust,4.16 avg rating,https://www.goodreads.com/book/show/12749.Swann_s_Way,,,,
American Tabloid (Underworld USA #1),James Ellroy,4.19 avg rating,https://www.goodreads.com/book/show/36064.American_Tabloid,,,,
The Last Lecture,Randy Pausch,4.26 avg rating,https://www.goodreads.com/book/show/40611510-the-last-lecture,,,,
"Red Rising (Red Rising Saga, #1)",Pierce Brown,4.27 avg rating,https://www.goodreads.com/book/show/15839976-red-rising,,,,
"Silence (Hush, Hush, #3)",Becca Fitzpatrick,4.07 avg rating,https://www.goodreads.com/book/show/10637766-silence,,,,
"The Unbecoming of Mara Dyer (Mara Dyer, #1)",Michelle Hodkin,4.01 avg rating,https://www.goodreads.com/book/show/11408650-the-unbecoming-of-mara-dyer,,,,
Just Listen,Sarah Dessen,4.05 avg rating,https://www.goodreads.com/book/show/51738.Just_Listen,,,,
"Halfway to the Grave (Night Huntress, #1)",Jeaniene Frost,4.13 avg rating,https://www.goodreads.com/book/show/1421990.Halfway_to_the_Grave,,,,
"The Goose Girl (The Books of Bayern, #1)",Shannon Hale,4.14 avg rating,https://www.goodreads.com/book/show/179064.The_Goose_Girl,,,,
Three Cups of Tea: One Man's Mission to Promote Peace ... One School at a Time,Greg Mortenson,3.66 avg rating,https://www.goodreads.com/book/show/49436.Three_Cups_of_Tea,,,,
Twelfth Night,William Shakespeare,3.96 avg rating,https://www.goodreads.com/book/show/1625.Twelfth_Night,,,,
"I Am Number Four (Lorien Legacies, #1)",Pittacus Lore,3.93 avg rating,https://www.goodreads.com/book/show/7747374-i-am-number-four,,,,
Winter's Bone,Daniel Woodrell,3.86 avg rating,https://www.goodreads.com/book/show/112525.Winter_s_Bone,,,,
Lady Chatterley’s Lover,D.H. Lawrence,3.50 avg rating,https://www.goodreads.com/book/show/32049.Lady_Chatterley_s_Lover,,,,
Savages (Savages #2),Don Winslow,3.87 avg rating,https://www.goodreads.com/book/show/8008928-savages,,,,
A Simple Plan,Scott        Smith,3.91 avg rating,https://www.goodreads.com/book/show/21727.A_Simple_Plan,,,,
I Capture the Castle,Dodie Smith,3.99 avg rating,https://www.goodreads.com/book/show/31122.I_Capture_the_Castle,,,,
Clockers,Richard Price,4.09 avg rating,https://www.goodreads.com/book/show/45794.Clockers,,,,
Nine Stories,J.D. Salinger,4.18 avg rating,https://www.goodreads.com/book/show/4009.Nine_Stories,,,,
"Trainspotting (Mark Renton, #2)",Irvine Welsh,4.11 avg rating,https://www.goodreads.com/book/show/135836.Trainspotting,,,,
Kill Your Friends,John Niven,3.80 avg rating,https://www.goodreads.com/book/show/2848807-kill-your-friends,,,,
"The Last Unicorn (The Last Unicorn, #1)",Peter S. Beagle,4.16 avg rating,https://www.goodreads.com/book/show/29127.The_Last_Unicorn,,,,
The Truth About Forever,Sarah Dessen,4.12 avg rating,https://www.goodreads.com/book/show/51737.The_Truth_About_Forever,,,,
Layer Cake,J.J. Connolly,4.03 avg rating,https://www.goodreads.com/book/show/29421.Layer_Cake,,,,
"Speaker for the Dead (Ender's Saga, #2)",Orson Scott Card,4.11 avg rating,https://www.goodreads.com/book/show/7967.Speaker_for_the_Dead,,,,
"Ishmael (Ishmael, #1)",Daniel Quinn,4.01 avg rating,https://www.goodreads.com/book/show/40611328-ishmael,,,,
"Dead to the World (Sookie Stackhouse, #4)",Charlaine Harris,4.12 avg rating,https://www.goodreads.com/book/show/140077.Dead_to_the_World,,,,
"Kingdom of Ash (Throne of Glass, #7)",Sarah J. Maas,4.71 avg rating,https://www.goodreads.com/book/show/33590260-kingdom-of-ash,,,,
Penance,Eliza  Clark,3.86 avg rating,https://www.goodreads.com/book/show/62898932-penance,,,,
"The Bronze Horseman (The Bronze Horseman, #1)",Paullina Simons,4.29 avg rating,https://www.goodreads.com/book/show/83144.The_Bronze_Horseman,,,,
Demian: Die Geschichte von Emil Sinclairs Jugend,Hermann Hesse,4.14 avg rating,https://www.goodreads.com/book/show/24861.Demian,,,,
The Hours,Michael Cunningham,3.96 avg rating,https://www.goodreads.com/book/show/11899.The_Hours,,,,
Julius Caesar,William Shakespeare,3.71 avg rating,https://www.goodreads.com/book/show/13006.Julius_Caesar,,,,
The Glass Castle,Jeannette Walls,4.33 avg rating,https://www.goodreads.com/book/show/7445.The_Glass_Castle,,,,
"You Are Special (Wemmicksville, #1)",Max Lucado,4.45 avg rating,https://www.goodreads.com/book/show/56728.You_Are_Special,,,,
Trainspotting,Irvine Welsh,4.11 avg rating,https://www.goodreads.com/book/show/23955.Trainspotting,,,,
"A Wizard of Earthsea (Earthsea Cycle, #1)",Ursula K. Le Guin,4.01 avg rating,https://www.goodreads.com/book/show/13642.A_Wizard_of_Earthsea,,,,
"Drums of Autumn (Outlander, #4)",Diana Gabaldon,4.36 avg rating,https://www.goodreads.com/book/show/40909452-drums-of-autumn,,,,
Audition,Ryū Murakami,3.51 avg rating,https://www.goodreads.com/book/show/3392668-audition,,,,
The Arabian Nights,Anonymous,4.03 avg rating,https://www.goodreads.com/book/show/93101.The_Arabian_Nights,,,,
Cyrano de Bergerac,Edmond Rostand,4.06 avg rating,https://www.goodreads.com/book/show/15638.Cyrano_de_Bergerac,,,,
The Quiet Tenant,Clémence Michallon,3.81 avg rating,https://www.goodreads.com/book/show/61897971-the-quiet-tenant,,,,
"Slammed (Slammed, #1)",Colleen Hoover,4.14 avg rating,https://www.goodreads.com/book/show/30333938-slammed,,,,
"Acheron (Dark-Hunter, #14)",Sherrilyn Kenyon,4.56 avg rating,https://www.goodreads.com/book/show/2299110.Acheron,,,,
"The Black Dahlia Ellroy, James ( Author ) Aug-01-2006 Paperback",James Ellroy,3.78 avg rating,https://www.goodreads.com/book/show/128765450-the-black-dahlia-ellroy-james-author-aug-01-2006-paperback,,,,
City of God,Paulo Lins,3.95 avg rating,https://www.goodreads.com/book/show/165662.City_of_God,,,,
The Holy Bible: King James Version,Anonymous,4.45 avg rating,https://www.goodreads.com/book/show/1923820.The_Holy_Bible,,,,
The Glass Menagerie,Tennessee Williams,3.74 avg rating,https://www.goodreads.com/book/show/92517.The_Glass_Menagerie,,,,
Pericles and Aspasia: A Story of Ancient Greece,Yvonne Korshak,4.29 avg rating,https://www.goodreads.com/book/show/62986809-pericles-and-aspasia,,,,
"World Without End (Kingsbridge, #2)",Ken Follett,4.32 avg rating,https://www.goodreads.com/book/show/5064.World_Without_End,,,,
"To All the Boys I've Loved Before (To All the Boys I've Loved Before, #1)",Jenny Han,4.04 avg rating,https://www.goodreads.com/book/show/15749186-to-all-the-boys-i-ve-loved-before,,,,
High-Rise,J.G. Ballard,3.60 avg rating,https://www.goodreads.com/book/show/12331767-high-rise,,,,
"The Knife of Never Letting Go (Chaos Walking, #1)",Patrick Ness,3.98 avg rating,https://www.goodreads.com/book/show/20758104-the-knife-of-never-letting-go,,,,
The Killer Inside Me,Jim Thompson,3.86 avg rating,https://www.goodreads.com/book/show/298663.The_Killer_Inside_Me,,,,
"1Q84 (1Q84, #1-3)",Haruki Murakami,3.95 avg rating,https://www.goodreads.com/book/show/10357575-1q84,,,,
"Good Girl, Bad Blood (A Good Girl's Guide to Murder, #2)",Holly  Jackson,4.26 avg rating,https://www.goodreads.com/book/show/51335759-good-girl-bad-blood,,,,
We Need to Talk About Kevin,Lionel Shriver,4.08 avg rating,https://www.goodreads.com/book/show/80660.We_Need_to_Talk_About_Kevin,,,,
"[No Country for Old Men] (By: Cormac McCarthy) [published: December, 2007]",Cormac McCarthy,4.17 avg rating,https://www.goodreads.com/book/show/131313317-no-country-for-old-men-by,,,,
"Carry On (Simon Snow, #1)",Rainbow Rowell,4.16 avg rating,https://www.goodreads.com/book/show/32768522-carry-on,,,,
"Hunted (House of Night, #5)",P.C. Cast,3.93 avg rating,https://www.goodreads.com/book/show/4134071-hunted,,,,
"The Scorch Trials (The Maze Runner, #2)",James Dashner,3.89 avg rating,https://www.goodreads.com/book/show/7631105-the-scorch-trials,,,,
"A Dog's Purpose (A Dog's Purpose, #1)",W. Bruce Cameron,4.36 avg rating,https://www.goodreads.com/book/show/7723542-a-dog-s-purpose,,,,
"Captive in the Dark (The Dark Duet, #1)",C.J. Roberts,3.93 avg rating,https://www.goodreads.com/book/show/12513614-captive-in-the-dark,,,,
"Viciously Yours (Fae Kings of Eden, #1)",Jamie Applegate Hunter,3.60 avg rating,https://www.goodreads.com/book/show/205404157-viciously-yours,,,,
"The Silver Chair (Chronicles of Narnia, #4)",C.S. Lewis,3.95 avg rating,https://www.goodreads.com/book/show/65641.The_Silver_Chair,,,,
No One Can Know,Kate Alice Marshall,3.65 avg rating,https://www.goodreads.com/book/show/127305892-no-one-can-know,,,,
"L.A. Confidential (L.A. Quartet, #3)",James Ellroy,4.18 avg rating,https://www.goodreads.com/book/show/57727.L_A_Confidential,,,,
Taming Flame,Therisa Peimer,4.28 avg rating,https://www.goodreads.com/book/show/61608233-taming-flame,,,,
Before I Fall,Lauren Oliver,3.88 avg rating,https://www.goodreads.com/book/show/6482837-before-i-fall,,,,
The Merchant of Venice,William Shakespeare,3.78 avg rating,https://www.goodreads.com/book/show/24128.The_Merchant_of_Venice,,,,
Interpreter of Maladies,Jhumpa Lahiri,4.18 avg rating,https://www.goodreads.com/book/show/5439.Interpreter_of_Maladies,,,,
"Inheritance (The Inheritance Cycle, #4)",Christopher Paolini,4.16 avg rating,https://www.goodreads.com/book/show/7664041-inheritance,,,,
Gray After Dark,Noelle W. Ihli,4.19 avg rating,https://www.goodreads.com/book/show/204787816-gray-after-dark,,,,
"Inferno (Robert Langdon, #4)",Dan    Brown,3.90 avg rating,https://www.goodreads.com/book/show/17212231-inferno,,,,
Project Hail Mary,Andy Weir,4.50 avg rating,https://www.goodreads.com/book/show/54493401-project-hail-mary,,,,
"The Bean Trees (Greer Family, #1)",Barbara Kingsolver,4.01 avg rating,https://www.goodreads.com/book/show/30868.The_Bean_Trees,,,,
"The Secret (The Secret, #1)",Rhonda Byrne,3.74 avg rating,https://www.goodreads.com/book/show/52529.The_Secret,,,,
"P.S. I Love You (P.S. I Love You, #1)",Cecelia Ahern,4.03 avg rating,https://www.goodreads.com/book/show/366522.P_S_I_Love_You,,,,
"Wicked Lovely (Wicked Lovely, #1)",Melissa Marr,3.70 avg rating,https://www.goodreads.com/book/show/305234.Wicked_Lovely,,,,
A Brief History of Time,Stephen Hawking,4.21 avg rating,https://www.goodreads.com/book/show/3869.A_Brief_History_of_Time,,,,
"Hidden Bodies (You, #2)",Caroline Kepnes,3.74 avg rating,https://www.goodreads.com/book/show/29430824-hidden-bodies,,,,
"As Good As Dead (A Good Girl's Guide to Murder, #3)",Holly  Jackson,4.19 avg rating,https://www.goodreads.com/book/show/56905097-as-good-as-dead,,,,
Educated,Tara Westover,4.47 avg rating,https://www.goodreads.com/book/show/35133922-educated,,,,
"Prince Caspian (Chronicles of Narnia, #2)",C.S. Lewis,3.98 avg rating,https://www.goodreads.com/book/show/121749.Prince_Caspian,,,,
The Bluest Eye,Toni Morrison,4.13 avg rating,https://www.goodreads.com/book/show/11337.The_Bluest_Eye,,,,
"The Blood of Olympus (The Heroes of Olympus, #5)",Rick Riordan,4.43 avg rating,https://www.goodreads.com/book/show/18705209-the-blood-of-olympus,,,,
"The House in the Cerulean Sea (Cerulean Chronicles, #1)",T.J. Klune,4.37 avg rating,https://www.goodreads.com/book/show/45047384-the-house-in-the-cerulean-sea,,,,
"The Queen of the Damned (The Vampire Chronicles, #3)",Anne Rice,3.92 avg rating,https://www.goodreads.com/book/show/43758.The_Queen_of_the_Damned,,,,
Ask for Andrea,Noelle W. Ihli,4.08 avg rating,https://www.goodreads.com/book/show/60168787-ask-for-andrea,,,,
Gravity’s Rainbow,Thomas Pynchon,4.01 avg rating,https://www.goodreads.com/book/show/415.Gravity_s_Rainbow,,,,
"The Eyre Affair (Thursday Next, #1)",Jasper Fforde,3.88 avg rating,https://www.goodreads.com/book/show/27003.The_Eyre_Affair,,,,
The Club,Ellery Lloyd,3.28 avg rating,https://www.goodreads.com/book/show/58536005-the-club,,,,
One Day in the Life of Ivan Denisovich,Aleksandr Solzhenitsyn,3.98 avg rating,https://www.goodreads.com/book/show/17125.One_Day_in_the_Life_of_Ivan_Denisovich,,,,
"Think Twice (Myron Bolitar, #12)",Harlan Coben,4.24 avg rating,https://www.goodreads.com/book/show/198494009-think-twice,,,,
All the King's Men,Robert Penn Warren,4.09 avg rating,https://www.goodreads.com/book/show/5527.All_the_King_s_Men,,,,
"A Court of Thorns and Roses (A Court of Thorns and Roses, #1)",Sarah J. Maas,4.16 avg rating,https://www.goodreads.com/book/show/50659467-a-court-of-thorns-and-roses,,,,
Invisible Monsters,Chuck Palahniuk,really liked it 4.00 avg rating,https://www.goodreads.com/book/show/36236125-invisible-monsters,,,,
House of Leaves,Mark Z. Danielewski,4.09 avg rating,https://www.goodreads.com/book/show/24800.House_of_Leaves,,,,
"My Sister, the Serial Killer",Oyinkan Braithwaite,3.64 avg rating,https://www.goodreads.com/book/show/38819868-my-sister-the-serial-killer,,,,
Head Like a Hole,Andrew Van Wey,3.84 avg rating,https://www.goodreads.com/book/show/61800582-head-like-a-hole,,,,
"Guards! Guards! (Discworld, #8; City Watch, #1)",Terry Pratchett,4.34 avg rating,https://www.goodreads.com/book/show/64216.Guards_Guards_,,,,
"Lover Eternal (Black Dagger Brotherhood, #2)",J.R. Ward,4.32 avg rating,https://www.goodreads.com/book/show/35729.Lover_Eternal,,,,
"House of Earth and Blood (Crescent City, #1)",Sarah J. Maas,4.45 avg rating,https://www.goodreads.com/book/show/44778083-house-of-earth-and-blood,,,,
"Assassin's Apprentice (Farseer Trilogy, #1)",Robin Hobb,4.19 avg rating,https://www.goodreads.com/book/show/77197.Assassin_s_Apprentice,,,,
"In Cold Blood by Truman Capote [Random,2002]",Truman Capote,4.09 avg rating,https://www.goodreads.com/book/show/143416043-in-cold-blood-by-truman-capote-random-2002,,,,
Because of Winn-Dixie,Kate DiCamillo,4.10 avg rating,https://www.goodreads.com/book/show/357664.Because_of_Winn_Dixie,,,,
The Roommate,Kiersten Modglin,3.77 avg rating,https://www.goodreads.com/book/show/57040367-the-roommate,,,,
"The Bourne Identity (Jason Bourne, #1)",Robert Ludlum,4.05 avg rating,https://www.goodreads.com/book/show/7869.The_Bourne_Identity,,,,
Angels Fall,Nora Roberts,4.05 avg rating,https://www.goodreads.com/book/show/26050.Angels_Fall,,,,
"Poison Study (Study, #1)",Maria V. Snyder,4.09 avg rating,https://www.goodreads.com/book/show/60510.Poison_Study,,,,
Seabiscuit: An American Legend,Laura Hillenbrand,4.23 avg rating,https://www.goodreads.com/book/show/110737.Seabiscuit,,,,
Foucault’s Pendulum,Umberto Eco,3.91 avg rating,https://www.goodreads.com/book/show/17841.Foucault_s_Pendulum,,,,
"Twenty Thousand Leagues Under the Sea (Captain Nemo, #2)",Jules Verne,3.89 avg rating,https://www.goodreads.com/book/show/33507.Twenty_Thousand_Leagues_Under_the_Sea,,,,
Look Closer,David Ellis,4.16 avg rating,https://www.goodreads.com/book/show/59316367-look-closer,,,,
The Girl Who Was Taken,Charlie Donlea,4.17 avg rating,https://www.goodreads.com/book/show/39657755-the-girl-who-was-taken,,,,
The Memory Keeper's Daughter,Kim Edwards,3.70 avg rating,https://www.goodreads.com/book/show/10441.The_Memory_Keeper_s_Daughter,,,,
The Ocean at the End of the Lane,Neil Gaiman,4.01 avg rating,https://www.goodreads.com/book/show/15783514-the-ocean-at-the-end-of-the-lane,,,,
The Iliad,Homer,3.93 avg rating,https://www.goodreads.com/book/show/1371.The_Iliad,,,,
"City of Ashes (The Mortal Instruments, #2)",Cassandra Clare,4.10 avg rating,https://www.goodreads.com/book/show/1582996.City_of_Ashes,,,,
Galveston,Nic Pizzolatto,3.73 avg rating,https://www.goodreads.com/book/show/7203669-galveston,,,,
Mythology,Edith Hamilton,4.03 avg rating,https://www.goodreads.com/book/show/23522.Mythology,,,,
Peace Like a River,Leif Enger,4.03 avg rating,https://www.goodreads.com/book/show/227571.Peace_Like_a_River,,,,
The Night Before Christmas,Clement Clarke Moore,4.40 avg rating,https://www.goodreads.com/book/show/196970.The_Night_Before_Christmas,,,,
A People’s History of the United States: 1492 - Present,Howard Zinn,4.09 avg rating,https://www.goodreads.com/book/show/2767.A_People_s_History_of_the_United_States,,,,
"Not Forever, But For Now",Chuck Palahniuk,3.04 avg rating,https://www.goodreads.com/book/show/101145468-not-forever-but-for-now,,,,
If We Were Villains,M.L. Rio,4.10 avg rating,https://www.goodreads.com/book/show/30319086-if-we-were-villains,,,,
Notes on an Execution,Danya Kukafka,4.04 avg rating,https://www.goodreads.com/book/show/57773248-notes-on-an-execution,,,,
"Where She Went (If I Stay, #2)",Gayle Forman,3.97 avg rating,https://www.goodreads.com/book/show/8492825-where-she-went,,,,
"Oedipus Rex  (The Theban Plays, #1)",Sophocles,3.73 avg rating,https://www.goodreads.com/book/show/1554.Oedipus_Rex,,,,
"The Talisman (The Talisman, #1)",Stephen        King,4.11 avg rating,https://www.goodreads.com/book/show/59219.The_Talisman,,,,
The History of Love,Nicole Krauss,3.92 avg rating,https://www.goodreads.com/book/show/3867.The_History_of_Love,,,,
"Oryx and Crake (MaddAddam, #1)",Margaret Atwood,really liked it 4.00 avg rating,https://www.goodreads.com/book/show/46756.Oryx_and_Crake,,,,
Grimm's Fairy Tales,Jacob Grimm,4.23 avg rating,https://www.goodreads.com/book/show/19351490-grimm-s-fairy-tales,,,,
"The Fiery Cross (Outlander, #5)",Diana Gabaldon,4.26 avg rating,https://www.goodreads.com/book/show/10967.The_Fiery_Cross,,,,
"The Hero of Ages (Mistborn, #3)",Brandon Sanderson,4.56 avg rating,https://www.goodreads.com/book/show/2767793-the-hero-of-ages,,,,
"Simon vs. the Homo Sapiens Agenda (Simonverse, #1)",Becky Albertalli,4.13 avg rating,https://www.goodreads.com/book/show/19547856-simon-vs-the-homo-sapiens-agenda,,,,
Native Son,Richard Wright,4.04 avg rating,https://www.goodreads.com/book/show/15622.Native_Son,,,,
The Yellow Wallpaper and Other Stories,Charlotte Perkins Gilman,4.07 avg rating,https://www.goodreads.com/book/show/99300.The_Yellow_Wallpaper_and_Other_Stories,,,,
The Midnight Library,Matt Haig,3.98 avg rating,https://www.goodreads.com/book/show/52578297-the-midnight-library,,,,
"Champion (Legend, #3)",Marie Lu,4.31 avg rating,https://www.goodreads.com/book/show/14290364-champion,,,,
The Tesseract,Alex Garland,3.30 avg rating,https://www.goodreads.com/book/show/243257.The_Tesseract,,,,
"Gone (Gone, #1)",Michael  Grant,3.87 avg rating,https://www.goodreads.com/book/show/2536134.Gone,,,,
"A Breath of Snow and Ashes (Outlander, #6)",Diana Gabaldon,4.44 avg rating,https://www.goodreads.com/book/show/10965.A_Breath_of_Snow_and_Ashes,,,,
Archer's Voice,Mia Sheridan,4.17 avg rating,https://www.goodreads.com/book/show/32822135-archer-s-voice,,,,
"The Killer Angels (The Civil War Trilogy, #2)",Michael Shaara,4.33 avg rating,https://www.goodreads.com/book/show/682804.The_Killer_Angels,,,,
"One of Us Is Lying (One of Us is Lying, #1)",Karen M. McManus,3.91 avg rating,https://www.goodreads.com/book/show/58679358-one-of-us-is-lying,,,,
"One for the Money (Stephanie Plum, #1)",Janet Evanovich,4.05 avg rating,https://www.goodreads.com/book/show/6853.One_for_the_Money,,,,
Tokyo: The Devil of Nanking,Mo Hayder,3.93 avg rating,https://www.goodreads.com/book/show/6347010-tokyo,,,,
The Purpose Driven Life: What on Earth Am I Here for?,Rick Warren,3.98 avg rating,https://www.goodreads.com/book/show/56495.The_Purpose_Driven_Life,,,,
I Am Legend and Other Stories,Richard Matheson,really liked it 4.00 avg rating,https://www.goodreads.com/book/show/547094.I_Am_Legend_and_Other_Stories,,,,
If on a Winter’s Night a Traveler,Italo Calvino,4.02 avg rating,https://www.goodreads.com/book/show/374233.If_on_a_Winter_s_Night_a_Traveler,,,,
"Night Watch (Discworld, #29; City Watch, #6)",Terry Pratchett,4.50 avg rating,https://www.goodreads.com/book/show/47989.Night_Watch,,,,
Starship Troopers,Robert A. Heinlein,4.01 avg rating,https://www.goodreads.com/book/show/17214.Starship_Troopers,,,,
"Left Behind (Left Behind, #1)",Tim LaHaye,3.86 avg rating,https://www.goodreads.com/book/show/27523.Left_Behind,,,,
The Shards,Bret Easton Ellis,really liked it 4.00 avg rating,https://www.goodreads.com/book/show/60880820-the-shards,,,,
Watchers,Dean Koontz,4.19 avg rating,https://www.goodreads.com/book/show/32423.Watchers,,,,
"Being a Witch, and Other Things I Didn't Ask For",Sara Pascoe,4.28 avg rating,https://www.goodreads.com/book/show/34186576-being-a-witch-and-other-things-i-didn-t-ask-for,,,,
"Shadowfever (Fever, #5)",Karen Marie Moning,4.39 avg rating,https://www.goodreads.com/book/show/7304203-shadowfever,,,,
Libra,Don DeLillo,4.05 avg rating,https://www.goodreads.com/book/show/400.Libra,,,,
"Darkfever (Fever, #1)",Karen Marie Moning,4.05 avg rating,https://www.goodreads.com/book/show/112750.Darkfever,,,,
From the Mixed-Up Files of Mrs. Basil E. Frankweiler,E.L. Konigsburg,4.16 avg rating,https://www.goodreads.com/book/show/3980.From_the_Mixed_Up_Files_of_Mrs_Basil_E_Frankweiler,,,,
"Corrupt (Devil's Night, #1)",Penelope Douglas,3.78 avg rating,https://www.goodreads.com/book/show/58124274-corrupt,,,,
"The Murder of Roger Ackroyd (Hercule Poirot, #4)",Agatha Christie,4.26 avg rating,https://www.goodreads.com/book/show/16328.The_Murder_of_Roger_Ackroyd,,,,
The Magus,John Fowles,4.05 avg rating,https://www.goodreads.com/book/show/16286.The_Magus,,,,
"Death on the Nile (Hercule Poirot, #18)",Agatha Christie,4.12 avg rating,https://www.goodreads.com/book/show/131359.Death_on_the_Nile,,,,
"The Ballad of Never After (Once Upon a Broken Heart, #2)",Stephanie Garber,4.49 avg rating,https://www.goodreads.com/book/show/59808071-the-ballad-of-never-after,,,,
"Scythe (Arc of a Scythe, #1)",Neal Shusterman,4.32 avg rating,https://www.goodreads.com/book/show/28954189-scythe,,,,
The Book of Mormon: Another Testament of Jesus Christ,Joseph Smith Jr.,4.23 avg rating,https://www.goodreads.com/book/show/323355.The_Book_of_Mormon,,,,
"Alanna: The First Adventure (Song of the Lioness, #1)",Tamora Pierce,4.27 avg rating,https://www.goodreads.com/book/show/13831.Alanna,,,,
"Once Upon a Broken Heart (Once Upon a Broken Heart, #1)",Stephanie Garber,4.06 avg rating,https://www.goodreads.com/book/show/55987278-once-upon-a-broken-heart,,,,
John Adams,David McCullough,4.08 avg rating,https://www.goodreads.com/book/show/2203.John_Adams,,,,
Rosencrantz and Guildenstern Are Dead,Tom Stoppard,4.04 avg rating,https://www.goodreads.com/book/show/18545.Rosencrantz_and_Guildenstern_Are_Dead,,,,
Under the Dome,Stephen        King,3.93 avg rating,https://www.goodreads.com/book/show/6320534-under-the-dome,,,,
Possession,A.S. Byatt,3.90 avg rating,https://www.goodreads.com/book/show/41219.Possession,,,,
The Blind Assassin,Margaret Atwood,3.96 avg rating,https://www.goodreads.com/book/show/78433.The_Blind_Assassin,,,,
"Pretties (Uglies, #2)",Scott Westerfeld,3.83 avg rating,https://www.goodreads.com/book/show/24768.Pretties,,,,
"The Death Cure (The Maze Runner, #3)",James Dashner,3.78 avg rating,https://www.goodreads.com/book/show/7864437-the-death-cure,,,,
The Winter of Frankie Machine,Don Winslow,4.19 avg rating,https://www.goodreads.com/book/show/164760.The_Winter_of_Frankie_Machine,,,,
Cosmos,Carl Sagan,4.40 avg rating,https://www.goodreads.com/book/show/55030.Cosmos,,,,
"The Sisterhood of the Traveling Pants (Sisterhood, #1)",Ann Brashares,3.85 avg rating,https://www.goodreads.com/book/show/452306.The_Sisterhood_of_the_Traveling_Pants,,,,
House of Sand and Fog,Andre Dubus III,3.86 avg rating,https://www.goodreads.com/book/show/38311414-house-of-sand-and-fog,,,,
"Odd Thomas (Odd Thomas, #1)",Dean Koontz,3.99 avg rating,https://www.goodreads.com/book/show/14995.Odd_Thomas,,,,
"Keeper of the Lost Cities (Keeper of the Lost Cities, #1)",Shannon Messenger,4.39 avg rating,https://www.goodreads.com/book/show/12842828-keeper-of-the-lost-cities,,,,
The Agony and the Ecstasy,Irving Stone,4.09 avg rating,https://www.goodreads.com/book/show/321552.The_Agony_and_the_Ecstasy,,,,
Papillon,Henri Charrière,4.23 avg rating,https://www.goodreads.com/book/show/6882.Papillon,,,,
Bury My Heart at Wounded Knee: An Indian History of the American West,Dee Brown,4.26 avg rating,https://www.goodreads.com/book/show/76401.Bury_My_Heart_at_Wounded_Knee,,,,
The Sirens of Titan,Kurt Vonnegut Jr.,4.15 avg rating,https://www.goodreads.com/book/show/4982.The_Sirens_of_Titan,,,,
"Consequences (Consequences, #1)",Aleatha Romig,3.92 avg rating,https://www.goodreads.com/book/show/12368985-consequences,,,,
"Lover Unbound (Black Dagger Brotherhood, #5)",J.R. Ward,4.31 avg rating,https://www.goodreads.com/book/show/304027.Lover_Unbound,,,,
On Writing: A Memoir of the Craft,Stephen        King,4.34 avg rating,https://www.goodreads.com/book/show/10569.On_Writing,,,,
Freakonomics: A Rogue Economist Explores the Hidden Side of Everything,Steven D. Levitt,4.01 avg rating,https://www.goodreads.com/book/show/1202.Freakonomics,,,,
Veronika Decides to Die,Paulo Coelho,3.74 avg rating,https://www.goodreads.com/book/show/1431.Veronika_Decides_to_Die,,,,
"Truth (Consequences, #2)",Aleatha Romig,4.34 avg rating,https://www.goodreads.com/book/show/16070018-truth,,,,
How to Win Friends & Influence People,Dale Carnegie,4.22 avg rating,https://www.goodreads.com/book/show/4865.How_to_Win_Friends_Influence_People,,,,
A Heartbreaking Work of Staggering Genius,Dave Eggers,3.69 avg rating,https://www.goodreads.com/book/show/4953.A_Heartbreaking_Work_of_Staggering_Genius,,,,
"Storm Front (The Dresden Files, #1)",Jim  Butcher,3.97 avg rating,https://www.goodreads.com/book/show/47212.Storm_Front,,,,
The Elegance of the Hedgehog,Muriel Barbery,3.80 avg rating,https://www.goodreads.com/book/show/2967752-the-elegance-of-the-hedgehog,,,,
Corelli’s Mandolin,Louis de Bernières,4.03 avg rating,https://www.goodreads.com/book/show/3388.Corelli_s_Mandolin,,,,
The Drowning Woman,Robyn Harding,4.03 avg rating,https://www.goodreads.com/book/show/62874245-the-drowning-woman,,,,
"Magical Midlife Awakening (Leveling Up, #9)",K.F. Breene,4.63 avg rating,https://www.goodreads.com/book/show/205840559-magical-midlife-awakening,,,,
"A Court of Wings and Ruin (A Court of Thorns and Roses, #3)",Sarah J. Maas,4.46 avg rating,https://www.goodreads.com/book/show/50659472-a-court-of-wings-and-ruin,,,,
"Prodigy (Legend, #2)",Marie Lu,4.22 avg rating,https://www.goodreads.com/book/show/13414446-prodigy,,,,
Murder on Family Grounds (Mary Wandwalker #3),Susan  Rowland,4.30 avg rating,https://www.goodreads.com/book/show/205338104-murder-on-family-grounds,,,,
"A Canticle for Leibowitz (St. Leibowitz, #1)",Walter M. Miller Jr.,3.99 avg rating,https://www.goodreads.com/book/show/164154.A_Canticle_for_Leibowitz,,,,
The Witch of Blackbird Pond,Elizabeth George Speare,4.03 avg rating,https://www.goodreads.com/book/show/703292.The_Witch_of_Blackbird_Pond,,,,
Stoner,John  Williams,4.35 avg rating,https://www.goodreads.com/book/show/166997.Stoner,,,,
"Killing Sarai (In the Company of Killers, #1)",J.A. Redmerski,4.08 avg rating,https://www.goodreads.com/book/show/20559676-killing-sarai,,,,
"I'd Tell You I Love You, But Then I'd Have to Kill You (Gallagher Girls, #1)",Ally Carter,3.84 avg rating,https://www.goodreads.com/book/show/852470.I_d_Tell_You_I_Love_You_But_Then_I_d_Have_to_Kill_You,,,,
Digital Fortress,Dan    Brown,3.70 avg rating,https://www.goodreads.com/book/show/11125.Digital_Fortress,,,,
Something Wicked This Way Comes,Ray Bradbury,3.90 avg rating,https://www.goodreads.com/book/show/248596.Something_Wicked_This_Way_Comes,,,,
Prodigal Summer,Barbara Kingsolver,4.05 avg rating,https://www.goodreads.com/book/show/14249.Prodigal_Summer,,,,
Meditations,Marcus Aurelius,4.28 avg rating,https://www.goodreads.com/book/show/30659.Meditations,,,,
"The Alienist (Dr. Laszlo Kreizler, #1)",Caleb Carr,4.06 avg rating,https://www.goodreads.com/book/show/40024.The_Alienist,,,,
The Aeneid,Virgil,3.87 avg rating,https://www.goodreads.com/book/show/12914.The_Aeneid,,,,
Song of Solomon,Toni Morrison,4.16 avg rating,https://www.goodreads.com/book/show/11334.Song_of_Solomon,,,,
Holy Bible: New International Version,Anonymous,4.63 avg rating,https://www.goodreads.com/book/show/280111.Holy_Bible,,,,
Battle Royale,Koushun Takami,4.26 avg rating,https://www.goodreads.com/book/show/57891.Battle_Royale,,,,
Babel,R.F. Kuang,4.15 avg rating,https://www.goodreads.com/book/show/57945316-babel,,,,
The Trigger: Hunting the Assassin Who Brought the World to War,Tim Butcher,3.81 avg rating,https://www.goodreads.com/book/show/18300212-the-trigger,,,,
"Tears of Tess (Monsters in the Dark, #1)",Pepper Winters,3.98 avg rating,https://www.goodreads.com/book/show/18134894-tears-of-tess,,,,
Around the World in Eighty Days,Jules Verne,3.95 avg rating,https://www.goodreads.com/book/show/54479.Around_the_World_in_Eighty_Days,,,,
This Is How You Lose the Time War,Amal El-Mohtar,3.85 avg rating,https://www.goodreads.com/book/show/43352954-this-is-how-you-lose-the-time-war,,,,
"Love Story (Love Story, #1)",Erich Segal,3.65 avg rating,https://www.goodreads.com/book/show/73968.Love_Story,,,,
"The No. 1 Ladies' Detective Agency (No. 1 Ladies' Detective Agency, #1)",Alexander McCall Smith,3.81 avg rating,https://www.goodreads.com/book/show/7061.The_No_1_Ladies_Detective_Agency,,,,
"It Ain't Me, Babe (Hades Hangmen, #1)",Tillie Cole,4.04 avg rating,https://www.goodreads.com/book/show/22020052-it-ain-t-me-babe,,,,
Ficciones,Jorge Luis Borges,4.40 avg rating,https://www.goodreads.com/book/show/426504.Ficciones,,,,
Jitterbug Perfume,Tom Robbins,4.23 avg rating,https://www.goodreads.com/book/show/8682.Jitterbug_Perfume,,,,
"Tempted (House of Night, #6)",P.C. Cast,3.95 avg rating,https://www.goodreads.com/book/show/6262365-tempted,,,,
Ivanhoe,Walter Scott,3.76 avg rating,https://www.goodreads.com/book/show/6440.Ivanhoe,,,,
Howl and Other Poems,Allen Ginsberg,4.13 avg rating,https://www.goodreads.com/book/show/6295.Howl_and_Other_Poems,,,,
"The High Auction (Wisdom Revolution, #1)",Misba,4.69 avg rating,https://www.goodreads.com/book/show/60215314-the-high-auction,,,,
Anthem,Ayn Rand,3.61 avg rating,https://www.goodreads.com/book/show/667.Anthem,,,,
"The Color of Magic (Discworld, #1; Rincewind, #1)",Terry Pratchett,3.99 avg rating,https://www.goodreads.com/book/show/34497.The_Color_of_Magic,,,,
"An Ember in the Ashes (An Ember in the Ashes, #1)",Sabaa Tahir,4.24 avg rating,https://www.goodreads.com/book/show/27774758-an-ember-in-the-ashes,,,,
"Rubinrot (Edelstein-Trilogie, #1)",Kerstin Gier,4.14 avg rating,https://www.goodreads.com/book/show/6325285-rubinrot,,,,
"One Fish, Two Fish, Red Fish, Blue Fish",Dr. Seuss,4.18 avg rating,https://www.goodreads.com/book/show/7770.One_Fish_Two_Fish_Red_Fish_Blue_Fish,,,,
"The Oldest Dance (Wisdom Revolution, #2)",Misba,4.70 avg rating,https://www.goodreads.com/book/show/60215458-the-oldest-dance,,,,
"Confessions of a Shopaholic (Shopaholic, #1)",Sophie Kinsella,3.71 avg rating,https://www.goodreads.com/book/show/9416.Confessions_of_a_Shopaholic,,,,
"Ender's Shadow (The Shadow Series, #1)",Orson Scott Card,4.32 avg rating,https://www.goodreads.com/book/show/9532.Ender_s_Shadow,,,,
"Princess Academy (Princess Academy, #1)",Shannon Hale,4.04 avg rating,https://www.goodreads.com/book/show/85990.Princess_Academy,,,,
"The Assassin's Blade (Throne of Glass, #0.1-0.5)",Sarah J. Maas,4.20 avg rating,https://www.goodreads.com/book/show/18243700-the-assassin-s-blade,,,,
The Story of My Life,Helen Keller,4.08 avg rating,https://www.goodreads.com/book/show/821611.The_Story_of_My_Life,,,,
"The Big Sleep (Philip Marlowe, #1)",Raymond Chandler,3.94 avg rating,https://www.goodreads.com/book/show/2052.The_Big_Sleep,,,,
Mistress Suffragette,Diana   Forbes,4.29 avg rating,https://www.goodreads.com/book/show/34521870-mistress-suffragette,,,,
The Magic Mountain,Thomas Mann,4.13 avg rating,https://www.goodreads.com/book/show/88077.The_Magic_Mountain,,,,
"A Darker Shade of Magic (Shades of Magic, #1)",V.E. Schwab,4.04 avg rating,https://www.goodreads.com/book/show/22055262-a-darker-shade-of-magic,,,,
The Invention of Hugo Cabret,Brian Selznick,4.22 avg rating,https://www.goodreads.com/book/show/9673436-the-invention-of-hugo-cabret,,,,
Message in a Bottle,Nicholas Sparks,3.98 avg rating,https://www.goodreads.com/book/show/3478.Message_in_a_Bottle,,,,
One Day,David Nicholls,3.87 avg rating,https://www.goodreads.com/book/show/6280118-one-day,,,,
"Antigone (The Theban Plays, #3)",Sophocles,3.68 avg rating,https://www.goodreads.com/book/show/7728.Antigone,,,,
"Souls Unfractured (Hades Hangmen, #3)",Tillie Cole,4.41 avg rating,https://www.goodreads.com/book/show/22107214-souls-unfractured,,,,
"Fablehaven (Fablehaven, #1)",Brandon Mull,4.14 avg rating,https://www.goodreads.com/book/show/44652.Fablehaven,,,,
"Club Dead (Sookie Stackhouse, #3)",Charlaine Harris,4.02 avg rating,https://www.goodreads.com/book/show/140082.Club_Dead,,,,
Walk Two Moons,Sharon Creech,really liked it 4.00 avg rating,https://www.goodreads.com/book/show/53496.Walk_Two_Moons,,,,
The Polymorph,Max Nowaz,4.27 avg rating,https://www.goodreads.com/book/show/101265124-the-polymorph,,,,
Orlando,Virginia Woolf,3.87 avg rating,https://www.goodreads.com/book/show/18839.Orlando,,,,
"Living Dead in Dallas (Sookie Stackhouse, #2)",Charlaine Harris,3.96 avg rating,https://www.goodreads.com/book/show/110494.Living_Dead_in_Dallas,,,,
The Power of Myth,Joseph Campbell,4.26 avg rating,https://www.goodreads.com/book/show/35519.The_Power_of_Myth,,,,
The Shell Seekers,Rosamunde Pilcher,4.20 avg rating,https://www.goodreads.com/book/show/37095.The_Shell_Seekers,,,,
It's Kind of a Funny Story,Ned Vizzini,4.07 avg rating,https://www.goodreads.com/book/show/248704.It_s_Kind_of_a_Funny_Story,,,,
A Winter Grave,Peter  May,4.06 avg rating,https://www.goodreads.com/book/show/67998095-a-winter-grave,,,,
"The Girl in the Eagle's Talons (Millennium, #7)",Karin Smirnoff,3.42 avg rating,https://www.goodreads.com/book/show/75523433-the-girl-in-the-eagle-s-talons,,,,
The Corrections,Jonathan Franzen,3.84 avg rating,https://www.goodreads.com/book/show/3805.The_Corrections,,,,
"Glass Houses (The Morganville Vampires, #1)",Rachel Caine,3.92 avg rating,https://www.goodreads.com/book/show/27266.Glass_Houses,,,,
Hard-Boiled Wonderland and the End of the World,Haruki Murakami,4.11 avg rating,https://www.goodreads.com/book/show/10374.Hard_Boiled_Wonderland_and_the_End_of_the_World,,,,
Angle of Repose,Wallace Stegner,4.24 avg rating,https://www.goodreads.com/book/show/292408.Angle_of_Repose,,,,
The Marriage Portrait,Maggie O'Farrell,really liked it 4.00 avg rating,https://www.goodreads.com/book/show/60353768-the-marriage-portrait,,,,
The Jungle Books,Rudyard Kipling,4.01 avg rating,https://www.goodreads.com/book/show/41684.The_Jungle_Books,,,,
The Namesake,Jhumpa Lahiri,4.02 avg rating,https://www.goodreads.com/book/show/33917.The_Namesake,,,,
"We Need to Talk About Kevin by Shriver, Lionel. (Harper Perennial,2006) [Paperback]",Lionel Shriver,4.08 avg rating,https://www.goodreads.com/book/show/130739876-we-need-to-talk-about-kevin-by-shriver-lionel-harper-perennial-2006,,,,
"Lover Revealed (Black Dagger Brotherhood, #4)",J.R. Ward,4.28 avg rating,https://www.goodreads.com/book/show/42898.Lover_Revealed,,,,
An Abundance of Katherines,John Green,3.51 avg rating,https://www.goodreads.com/book/show/49750.An_Abundance_of_Katherines,,,,
"The Edge of Never (The Edge of Never, #1)",J.A. Redmerski,4.22 avg rating,https://www.goodreads.com/book/show/16081272-the-edge-of-never,,,,
Cryptonomicon,Neal Stephenson,4.23 avg rating,https://www.goodreads.com/book/show/816.Cryptonomicon,,,,
Jude the Obscure,Thomas Hardy,3.83 avg rating,https://www.goodreads.com/book/show/50798.Jude_the_Obscure,,,,
The 7 Habits of Highly Effective People: Powerful Lessons in Personal Change,Stephen R. Covey,4.16 avg rating,https://www.goodreads.com/book/show/36072.The_7_Habits_of_Highly_Effective_People,,,,
Geek Love,Katherine Dunn,3.95 avg rating,https://www.goodreads.com/book/show/13872.Geek_Love,,,,
Keep It in the Family,John Marrs,4.07 avg rating,https://www.goodreads.com/book/show/60109530-keep-it-in-the-family,,,,
"The Well of Ascension (Mistborn, #2)",Brandon Sanderson,4.38 avg rating,https://www.goodreads.com/book/show/68429.The_Well_of_Ascension,,,,
Still Alice,Lisa Genova,4.32 avg rating,https://www.goodreads.com/book/show/2153405.Still_Alice,,,,
"Small Gods (Discworld, #13)",Terry Pratchett,4.32 avg rating,https://www.goodreads.com/book/show/34484.Small_Gods,,,,
"Inara (Godfrey Davis, #3)",A.R. Merrydew,4.35 avg rating,https://www.goodreads.com/book/show/215186841-inara,,,,
I Am the Messenger,Markus Zusak,4.03 avg rating,https://www.goodreads.com/book/show/19057.I_Am_the_Messenger,,,,
"Mary Poppins (Mary Poppins, #1)",P.L. Travers,4.01 avg rating,https://www.goodreads.com/book/show/152380.Mary_Poppins,,,,
"Into the Wild (Warriors, #1)",Erin Hunter,4.32 avg rating,https://www.goodreads.com/book/show/111332.Into_the_Wild,,,,
"The Restaurant at the End of the Universe (The Hitchhiker's Guide to the Galaxy, #2)",Douglas Adams,4.20 avg rating,https://www.goodreads.com/book/show/8695.The_Restaurant_at_the_End_of_the_Universe,,,,
"A Dead and Stormy Night (Nevermore Bookshop Mysteries, #1)",Steffanie Holmes,3.91 avg rating,https://www.goodreads.com/book/show/43594238-a-dead-and-stormy-night,,,,
"The Passage (The Passage, #1)",Justin Cronin,4.05 avg rating,https://www.goodreads.com/book/show/6690798-the-passage,,,,
"Lover Avenged (Black Dagger Brotherhood, #7)",J.R. Ward,4.36 avg rating,https://www.goodreads.com/book/show/5098079-lover-avenged,,,,
Between Shades of Gray,Ruta Sepetys,4.37 avg rating,https://www.goodreads.com/book/show/7824322-between-shades-of-gray,,,,
"Winter (The Lunar Chronicles, #4)",Marissa Meyer,4.41 avg rating,https://www.goodreads.com/book/show/13206900-winter,,,,
"The Poppy War (The Poppy War, #1)",R.F. Kuang,4.17 avg rating,https://www.goodreads.com/book/show/35068705-the-poppy-war,,,,
"Mort (Discworld, #4; Death, #1)",Terry Pratchett,4.24 avg rating,https://www.goodreads.com/book/show/386372.Mort,,,,
The Moon Is a Harsh Mistress,Robert A. Heinlein,4.15 avg rating,https://www.goodreads.com/book/show/16690.The_Moon_Is_a_Harsh_Mistress,,,,
"Haunting Adeline (Cat and Mouse, #1)",H.D. Carlton,3.94 avg rating,https://www.goodreads.com/book/show/58763686-haunting-adeline,,,,
"The Lies of Vampires and Slayers (Magic on Main Street, #1)",K.M. Shea,4.35 avg rating,https://www.goodreads.com/book/show/202901080-the-lies-of-vampires-and-slayers,,,,
Chasing the Devil: The Search for Africa's Fighting Spirit,Tim Butcher,4.13 avg rating,https://www.goodreads.com/book/show/7940583-chasing-the-devil,,,,
My Name Is Asher Lev,Chaim Potok,4.24 avg rating,https://www.goodreads.com/book/show/11507.My_Name_Is_Asher_Lev,,,,
"Fire (Graceling Realm, #2)",Kristin Cashore,4.09 avg rating,https://www.goodreads.com/book/show/6137154-fire,,,,
Dandelion Wine,Ray Bradbury,4.09 avg rating,https://www.goodreads.com/book/show/50033.Dandelion_Wine,,,,
The Omnivore's Dilemma: A Natural History of Four Meals,Michael Pollan,4.19 avg rating,https://www.goodreads.com/book/show/3109.The_Omnivore_s_Dilemma,,,,
Choke,Chuck Palahniuk,3.71 avg rating,https://www.goodreads.com/book/show/29059.Choke,,,,
"From Blood and Ash (Blood and Ash, #1)",Jennifer L. Armentrout,4.22 avg rating,https://www.goodreads.com/book/show/52831200-from-blood-and-ash,,,,
The Portrait of a Lady,Henry James,3.80 avg rating,https://www.goodreads.com/book/show/264.The_Portrait_of_a_Lady,,,,
The White Tiger,Aravind Adiga,3.77 avg rating,https://www.goodreads.com/book/show/1768603.The_White_Tiger,,,,
Living Fearless: Exchanging the Lies of the World for the Liberating Truth of God,Jamie Winship,4.43 avg rating,https://www.goodreads.com/book/show/59317244-living-fearless,,,,
On Earth We're Briefly Gorgeous,Ocean Vuong,4.02 avg rating,https://www.goodreads.com/book/show/41880609-on-earth-we-re-briefly-gorgeous,,,,
No Longer Human,Osamu Dazai,3.95 avg rating,https://www.goodreads.com/book/show/194746.No_Longer_Human,,,,
Wild Swans: Three Daughters of China,Jung Chang,4.30 avg rating,https://www.goodreads.com/book/show/1848.Wild_Swans,,,,
Howards End,E.M. Forster,3.96 avg rating,https://www.goodreads.com/book/show/38374795-howards-end,,,,
"Finale (Hush, Hush, #4)",Becca Fitzpatrick,4.11 avg rating,https://www.goodreads.com/book/show/12751687-finale,,,,
"The Dark Tower (The Dark Tower, #7)",Stephen        King,4.29 avg rating,https://www.goodreads.com/book/show/5091.The_Dark_Tower,,,,
"Worm Holes (Quantum Roots, #2)",Kyle Keyes,4.34 avg rating,https://www.goodreads.com/book/show/34384161-worm-holes,,,,
We Have Always Lived in the Castle,Shirley Jackson,3.91 avg rating,https://www.goodreads.com/book/show/89724.We_Have_Always_Lived_in_the_Castle,,,,
The Forgotten Garden,Kate Morton,4.16 avg rating,https://www.goodreads.com/book/show/3407877-the-forgotten-garden,,,,
A Room of One’s Own,Virginia Woolf,4.22 avg rating,https://www.goodreads.com/book/show/18521.A_Room_of_One_s_Own,,,,
"The Hawthorne Legacy (The Inheritance Games, #2)",Jennifer Lynn Barnes,4.19 avg rating,https://www.goodreads.com/book/show/50531218-the-hawthorne-legacy,,,,
Tender Is the Night,F. Scott Fitzgerald,3.77 avg rating,https://www.goodreads.com/book/show/46164.Tender_Is_the_Night,,,,
"The Hunt for Red October (Jack Ryan, #3)",Tom Clancy,4.12 avg rating,https://www.goodreads.com/book/show/19691.The_Hunt_for_Red_October,,,,
The Long Walk,Richard  Bachman,4.03 avg rating,https://www.goodreads.com/book/show/9014.The_Long_Walk,,,,
Twenty Years Later,Charlie Donlea,4.18 avg rating,https://www.goodreads.com/book/show/57645345-twenty-years-later,,,,
"The Eden Paradox (Eden Paradox, #1)",Barry Kirwan,4.21 avg rating,https://www.goodreads.com/book/show/43722869-the-eden-paradox,,,,
The Bridges of Madison County,Robert James Waller,3.71 avg rating,https://www.goodreads.com/book/show/83674.The_Bridges_of_Madison_County,,,,
"Heretical Fishing (Heretical Fishing, #1)",Haylock Jobson,4.25 avg rating,https://www.goodreads.com/book/show/208099994-heretical-fishing,,,,
Deception Point,Dan    Brown,3.76 avg rating,https://www.goodreads.com/book/show/976.Deception_Point,,,,
"Linger (The Wolves of Mercy Falls, #2)",Maggie Stiefvater,3.88 avg rating,https://www.goodreads.com/book/show/6654313-linger,,,,
A Walk in the Woods: Rediscovering America on the Appalachian Trail,Bill Bryson,4.07 avg rating,https://www.goodreads.com/book/show/9791.A_Walk_in_the_Woods,,,,
"The City of Ember (Book of Ember, #1)",Jeanne DuPrau,3.90 avg rating,https://www.goodreads.com/book/show/307791.The_City_of_Ember,,,,
Turtles All the Way Down,John Green,3.87 avg rating,https://www.goodreads.com/book/show/35504431-turtles-all-the-way-down,,,,
Pale Fire,Vladimir Nabokov,4.17 avg rating,https://www.goodreads.com/book/show/7805.Pale_Fire,,,,
"Forrest Gump (Forrest Gump, #1)",Winston Groom,4.01 avg rating,https://www.goodreads.com/book/show/186190.Forrest_Gump,,,,
The Sea of Tranquility,Katja Millay,4.29 avg rating,https://www.goodreads.com/book/show/16151178-the-sea-of-tranquility,,,,
Survivor,Chuck Palahniuk,3.93 avg rating,https://www.goodreads.com/book/show/36236123-survivor,,,,
"84, Charing Cross Road",Helene Hanff,4.16 avg rating,https://www.goodreads.com/book/show/368916.84_Charing_Cross_Road,,,,
Exodus,Leon Uris,4.34 avg rating,https://www.goodreads.com/book/show/42697.Exodus,,,,
Ethan Frome,Edith Wharton,3.46 avg rating,https://www.goodreads.com/book/show/5246.Ethan_Frome,,,,
The Sorrows of Young Werther,Johann Wolfgang von Goethe,3.69 avg rating,https://www.goodreads.com/book/show/16640.The_Sorrows_of_Young_Werther,,,,
"Kingdom of Ash (Throne of Glass, #7)",Sarah J. Maas,4.71 avg rating,https://www.goodreads.com/book/show/76715522-kingdom-of-ash,,,,
"Iron Flame (The Empyrean, #2)",Rebecca Yarros,4.36 avg rating,https://www.goodreads.com/book/show/90202302-iron-flame,,,,
Beach Read,Emily Henry,3.97 avg rating,https://www.goodreads.com/book/show/52867387-beach-read,,,,
